,precision,recall,f1-score,support
0,0.9935691318327974,0.9747634069400631,0.9840764331210191,317.0
1,0.9752321981424149,0.9936908517350158,0.984375,317.0
accuracy,0.9842271293375394,0.9842271293375394,0.9842271293375394,0.9842271293375394
macro avg,0.9844006649876061,0.9842271293375395,0.9842257165605095,634.0
weighted avg,0.9844006649876061,0.9842271293375394,0.9842257165605096,634.0
