accuracy,loss,val_accuracy,val_loss
1.0,0.0007693892112001777,1.0,0.0009307793225161731
1.0,0.0002531323698349297,1.0,0.0015039755962789059
0.9931034445762634,0.029149459674954414,1.0,0.0014978997642174363
0.9965517520904541,0.009723328985273838,0.9666666388511658,0.04582805931568146
