accuracy,loss,val_accuracy,val_loss
0.9965517520904541,0.013249661773443222,0.9833333492279053,0.027760552242398262
0.9931034445762634,0.028706714510917664,1.0,0.003529743989929557
0.9896551966667175,0.03279881551861763,0.9833333492279053,0.03172744810581207
0.982758641242981,0.07258709520101547,0.9666666388511658,0.048354990780353546
0.9931034445762634,0.032777849584817886,0.9833333492279053,0.09872541576623917
