accuracy,loss,val_accuracy,val_loss
0.9896551966667175,0.015623204410076141,1.0,0.0006987096858210862
0.9683098793029785,0.11750233173370361,0.9833333492279053,0.06162247806787491
0.982758641242981,0.10164999961853027,1.0,0.006897446699440479
0.9896551966667175,0.02340998686850071,1.0,0.0015859173145145178
