accuracy,loss,val_accuracy,val_loss
0.9931034445762634,0.029201176017522812,1.0,0.0012465331237763166
0.9964788556098938,0.007309886626899242,0.9833333492279053,0.023012686520814896
0.9758620858192444,0.10713491588830948,1.0,0.032336119562387466
0.9758620858192444,0.08274886012077332,0.9833333492279053,0.026174115017056465
