accuracy,loss,val_accuracy,val_loss
0.9896551966667175,0.028770335018634796,0.9833333492279053,0.029504217207431793
1.0,0.007914770394563675,1.0,0.002843353897333145
0.9758620858192444,0.09136145561933517,0.9833333492279053,0.02670891396701336
0.982758641242981,0.04504626244306564,1.0,0.005776756908744574
0.9862068891525269,0.029878918081521988,1.0,0.0020175070967525244
0.9931034445762634,0.020053748041391373,1.0,0.002532577607780695
0.9965517520904541,0.010320013388991356,0.9666666388511658,0.05443946272134781
1.0,0.0009209738927893341,0.9833333492279053,0.021294239908456802
