accuracy,loss,val_accuracy,val_loss
0.9894366264343262,0.0425797663629055,0.9833333492279053,0.022095125168561935
0.9896551966667175,0.030091354623436928,1.0,0.009264863096177578
1.0,0.005738455336540937,1.0,0.016867099329829216
0.9931034445762634,0.03056579828262329,0.9833333492279053,0.10638177394866943
0.9896551966667175,0.04562709480524063,0.9666666388511658,0.0856567844748497
