accuracy,loss,val_accuracy,val_loss
0.9758620858192444,0.05776241421699524,0.9833333492279053,0.0337308906018734
1.0,0.007977058179676533,0.9666666388511658,0.062357187271118164
0.9896551966667175,0.0664314329624176,1.0,0.023352909833192825
0.9965517520904541,0.02365865558385849,1.0,0.0037727495655417442
1.0,0.003946916200220585,1.0,8.345372043550014e-05
1.0,0.0011106309248134494,0.9833333492279053,0.12762488424777985
0.9965517520904541,0.009588450193405151,1.0,0.0006557071465067565
0.9931034445762634,0.02841034345328808,1.0,0.008358020335435867
